"Shirt Size","Pct BF","Age","Weight","Height","Chest","Waist Size","Hip","Thigh","Knee","Ankle","Bicep","Forearm","Wrist","Test","Multiple regression predicted","Neural predicted value","Shirt Size Predictor","Boosted Tree Shirt Size","Random Forest predicted value"
15,12.3,23,154.25,67.75,93.1,33.543307,94.5,59,37.3,21.9,32,27.4,17.1,0,14.74585966,14.849506361,14.708333333,14.692729495,14.835949572
15.5,6.1,22,173.25,72.25,93.6,32.677165,98.7,58.7,37.3,23.4,30.5,28.9,18.2,0,15.186523486,15.103923246,15.4,15.200709167,15.230738266
14,25.3,22,154,66.25,95.8,34.606299,99.2,59.6,38.9,24,28.8,25.2,16.6,0,14.124755252,14.239891872,14.964285714,14.513736277,14.631410361
15,10.4,26,184.75,72.25,101.8,34.015748,101.2,60.1,37.3,22.8,32.4,29.4,18.2,0,15.540937786,15.507964183,15.47826087,15.45425748,15.339898748
14,28.7,24,184.25,71.25,97.3,39.370079,101.9,63.2,42.2,24,32.2,27.7,17.7,1,15.188014467,15.151462943,15.47826087,15.454219489,15.362313072
16,20.9,24,210.25,74.75,104.5,37.165354,107.8,66,42,25.6,35.7,30.6,18.8,0,15.883509887,15.863587748,16.083333333,16.013100926,16.169739376
15,19.2,26,181,69.75,105.1,35.708661,100.3,58.4,38.3,22.9,31.9,27.8,17.7,0,15.346892097,15.360904825,15.47826087,15.292541459,15.16214986
15.5,12.4,25,176,72.5,99.6,34.84252,97.1,60,39.4,23.2,30.5,29,18.8,0,15.52900535,15.493942926,15.4,15.260390511,15.362086084
15.5,4.1,25,191,74,100.9,32.480315,99.9,62.9,38.3,23.8,35.9,31.1,18.2,1,15.69326451,15.769867853,16.083333333,15.787812116,15.842329304
17,11.7,23,198.25,73.5,99.6,34.88189,104.1,63.1,41.7,25,35.6,30,19.2,0,15.861228666,15.708716543,16.892857143,16.321212324,16.155184157
15.5,7.1,26,186.25,74.5,101.5,32.913386,98.2,59.7,39.7,25.2,32.8,29.4,18.5,0,15.439374551,15.299872419,15.47826087,15.204220689,15.47492622
16,7.8,27,216,76,103.6,35.787402,107.7,66.2,39.2,25.9,37.2,30.2,19,0,16.021885686,16.079524915,16.083333333,15.857228755,16.049869531
15.5,20.8,32,180.5,69.5,102,36.062992,103.9,63.4,38.3,21.5,32.5,28.6,17.7,1,15.374612576,15.459192007,15.47826087,15.487100937,15.438835823
16,21.2,30,205.25,71.25,104.1,40.07874,108.6,66,41.5,23.7,36.9,31.6,18.8,0,16.1015578,16.169813233,16.083333333,16.252924388,16.239190906
16.5,22.1,35,187.75,69.5,101.3,37.952756,100.1,69,39,23.1,36.1,30.5,18.2,1,15.833024735,16.141935344,15.47826087,15.81658097,15.681027096
15,20.9,35,162.75,66,99.1,36.535433,99.2,63.1,38.7,21.7,31.1,26.4,16.9,0,14.814571221,14.989098741,14.964285714,15.110545261,15.098444666
16,29,34,195.75,71,101.9,37.952756,105.2,64.8,40.8,23.1,36.2,30.8,17.3,1,15.563977675,15.702170911,16.083333333,15.987038422,16.0290506
17,22.9,32,209.25,71,107.6,38.385827,107,66.9,40,24.4,38.2,31.6,19.3,0,16.376477477,16.526673169,16.892857143,16.716485287,16.630361541
15.5,16,28,183.75,67.75,106.8,35.275591,102.4,64.2,38.7,22.9,37.2,30.5,18.5,0,15.786480947,15.924414006,15.47826087,15.697351259,15.748608193
16,16.5,33,211.75,73.5,106.2,39.566929,109,65.8,40.6,24,37.1,30.1,18.2,2,15.921680979,15.924359117,16.083333333,16.075817102,15.964339716
16,19.1,28,179,68,103.3,37.755906,104.9,63.5,38,22.1,32.5,30.3,18.4,0,15.559976933,15.71534441,15.47826087,15.730612026,15.818414262
17,15.2,28,200.5,69.75,111.4,38.897638,104.8,63.4,40.6,24.6,33,32.8,19.9,0,16.447474465,16.374587984,16.892857143,16.817672569,16.595897109
14,15.6,31,140.25,68.25,86,30.07874,94.6,57.4,35.3,22.2,27.9,25.9,16.7,0,14.046152872,13.95544321,14,14.264532996,14.350354661
14.5,17.7,32,148.75,70,86.7,31.496063,93.4,54.9,36.2,22.1,29.8,26.7,17.1,0,14.456528114,14.28236257,14.708333333,14.535957473,14.602913858
14,14,28,151.25,67.75,90.2,30.03937,95.8,58.4,35.5,22.9,31.1,28,17.6,0,14.648383037,14.559310766,14.708333333,14.51286678,14.502616239
14.5,3.7,27,159.25,71.5,89.6,31.377953,96.5,55,36.7,22.5,29.9,28.2,17.7,2,14.787693471,14.623578225,14.708333333,14.622211909,14.79591981
15,7.9,34,131.5,67.5,88.6,29.370079,85.3,51.7,34.7,21.4,28.7,27,16.5,0,14.290474483,14.357101355,14.708333333,14.619278409,14.548207552
16,22.9,31,148,67.5,97.4,34.92126,94.7,57.5,36,21,29.2,26.6,17,0,14.577392,14.876458444,14.964285714,15.220646804,15.244271459
15,3.7,27,133.25,64.75,93.5,29.094488,88.5,50.1,34.5,21.3,30.5,27.9,17.2,0,14.580735518,14.846901266,14.964285714,14.792283196,14.7557955
15,8.8,29,160.75,69,97.4,32.874016,98.7,58.9,35.3,22.6,30.1,26.7,17.6,0,14.743950468,14.901007712,14.964285714,14.859922784,14.894471259
15.5,11.9,32,182,73.75,100.5,34.92126,99.8,57.5,38.7,33.9,32.5,27.7,18.4,0,14.201322189,14.48455386,15.47826087,15.152490346,15.278419156
15,5.7,29,160.25,71.25,93.5,33.267717,100.6,58.5,38.8,21.5,30.1,26.4,17.9,0,14.730263203,14.642541173,14.964285714,14.930498203,14.982906633
15.5,11.8,27,168,71.25,93,31.141732,94.5,57.3,36.2,24.5,29,30,18.8,0,15.345156431,15.394786177,14.708333333,15.040313596,15.12540699
16,21.3,41,218.5,71,111.7,39.566929,108.3,67.1,44.2,25.2,37.5,31.5,18.7,0,16.361554798,16.272081945,16.083333333,16.152019235,16.343745491
17,32.3,41,247.25,73.5,117,45.511811,116.1,71.2,43.3,26.3,37.3,31.7,19.7,2,17.007260118,16.738567464,16.892857143,17.130000595,16.972619048
15.5,40.1,49,191.75,65,118.5,44.527559,113.8,61.9,38.3,21.9,32,29.8,17,0,15.329296089,15.445838698,16.083333333,15.665783849,15.781004561
15.5,24.2,40,202.25,70,106.5,39.724409,106.2,63.5,39.9,22.6,35.1,30.6,19,0,16.295732782,16.346741461,16.083333333,15.980887199,15.878597085
17,28.4,50,196.75,68.25,105.6,38.897638,104.8,66,41.5,24.7,33.2,30.5,19.4,0,16.134476689,16.167285942,16.892857143,16.507717411,16.394285861
16.5,32.6,50,203,67,114.8,42.559055,102.5,61.3,41.1,24.7,34.1,31,18.3,0,16.215374462,16.19940704,16.083333333,16.397058413,16.301497758
17.5,34.5,45,262.75,68.75,128.3,49.685039,125.6,72.5,39.6,26.6,36.4,32.7,21.4,0,17.798470424,17.541056967,16.892857143,17.069778519,16.894557823
15,31.6,48,217,70,113.3,43.779528,114.1,67.7,40.9,25,36.7,29.8,18.4,0,15.959818612,15.732423692,16.083333333,15.603127281,15.970694187
17,32,41,212,71.5,106.6,41.062992,106,65,40.2,23,35.8,31.5,18.8,0,16.497277229,16.607446817,16.083333333,16.32912826,16.342514319
13,7.7,39,125.25,68,85.1,29.92126,88.2,50,34.7,21,26.1,23.1,16.1,0,13.682517171,13.668569046,14,13.726242649,13.870483193
14.5,13.9,43,164.25,73.25,96.6,32.086614,97.2,58.4,38.2,23.4,29.7,27.4,18.3,0,14.869662762,14.757968226,14.964285714,14.954550485,14.810366078
13.5,10.8,40,133.5,67.5,88.2,29.015748,88.5,53.3,34.5,22.5,27.9,26.2,17.3,1,14.278014063,14.204941044,14,14.195252765,14.269423539
14,5.6,39,148.5,71.25,89.8,31.299213,92.7,52.7,37.5,21.9,28.8,26.8,17.9,2,14.671076357,14.459500709,14.708333333,14.785137281,14.719685727
13.5,13.6,45,135.75,68.5,92.3,32.834646,90.4,52,35.8,20.6,28.8,25.5,16.3,0,14.118702589,14.005928994,14,13.993100815,14.073207552
14,4,47,127.5,66.75,83.4,27.716535,87.2,50.6,34.4,21.9,26.8,25.8,16.8,1,14.081841144,13.96476694,14,13.712044032,14.066911765
14,10.2,47,158.25,72.25,90.2,34.133858,98.3,52.6,37.2,22.4,26,25.8,17.3,0,14.42666918,14.179462831,14,14.10394388,14.339253362
14,6.6,40,139.25,69,89.2,30.669291,91,51.4,34.9,21,26.7,26.1,17.2,1,14.418358464,14.331702512,14,14.298913916,14.20092428
15,8,51,137.25,67.75,89.7,32.283465,89.1,49.3,33.7,21.4,29.6,26,16.9,1,14.362346575,14.195974047,14,14.336101583,14.342695604
14.5,6.3,49,152.75,73.5,93.3,31.338583,91.6,52.6,37.6,22.6,38.5,27.4,18.5,0,14.873738118,14.851210426,14.708333333,14.790671105,14.990196912
15.5,3.9,42,136.25,67.5,87.6,30.551181,88.6,51.9,34.9,22.5,27.7,27.5,18.5,0,14.758821416,14.787746868,14.708333333,14.875574135,14.832717189
16,22.6,54,198,72,107.6,39.370079,99.6,57.2,38,22,35.9,30.2,18.9,0,16.37592707,16.439583797,16.083333333,16.047966963,16.071057403
16,20.4,58,181.5,68,100,39.291339,102.5,62.1,39.6,22.5,33.1,28.3,18.5,1,15.636355722,15.658661337,15.47826087,15.667270771,15.553427017
16.5,28,62,201.25,69.5,111.5,41.023622,105.8,61.8,39.8,22.7,37.7,30.9,19.2,0,16.36262158,16.376711309,16.25,16.355281595,16.408248299
16.5,31.5,54,202.5,70.75,115.4,41.456693,97,59.1,38,22.5,31.6,28.8,18.2,1,16.378915354,16.410874548,16.083333333,16.25831749,15.858789425
15.5,24.6,61,179.75,65.75,104.8,38.700787,99.6,60.6,37.7,22.9,34.5,29.6,18.5,0,15.828590302,15.923198201,15.47826087,15.7304783,15.612228038
17,26.1,62,216,73.25,112.3,41.259843,103.1,61.6,40.9,23.1,36.2,31.8,20.2,1,17.0682115,17.165528244,16.25,16.643019644,16.502069161
14.5,29.8,56,178.75,68.5,102.9,37.283465,100.8,60.9,38,22.1,32.5,29.8,18.3,0,15.658459176,15.789624371,15.47826087,15.642224515,15.457153797
15.5,30.7,54,193.25,70.25,107.6,40.314961,99.4,61,39.4,23.6,32.7,29.9,19.1,0,16.175846523,16.266073159,16.083333333,15.891520629,15.847793514
15,25.8,61,178,67,105.3,39.251969,99.7,60.8,40.1,22.7,33.6,29,18.8,1,15.786518231,15.814549394,15.47826087,15.7304783,15.646518004
16.5,32.3,57,205.5,70,105.3,41.535433,108.3,65,41.2,24.7,35.3,31.1,18.4,1,15.935612127,16.153507198,16.083333333,16.236515025,16.155446575
16.5,30,55,183.5,67.5,103,39.488189,104.2,64.8,40.2,22.7,34.8,30.1,18.7,1,15.768759395,15.91776807,15.47826087,15.811829086,15.702895555
14.5,21.5,54,151.5,70.75,90,33.031496,93.9,55,36.1,21.7,29.6,27.4,17.4,2,14.650366287,14.787026903,14.708333333,14.616053807,14.652455982
15,13.8,55,154.75,71.5,95.4,34.094488,91.8,54.3,35.4,21.5,32.8,27.4,18.7,0,15.198177133,15.215439408,14.964285714,14.976203572,15.064702813
15.5,6.3,54,155.25,69.25,89.3,30.866142,96.1,56,37.4,22.4,32.6,28.1,18.1,0,14.895466586,15.096374454,14.708333333,15.061531059,15.128370098
15,12.9,55,156.75,71.5,94.4,33.307087,94.3,51.2,37.4,21.6,27.3,27.1,17.3,0,14.738499285,14.560256921,14.964285714,14.861944596,14.713553764
14.5,24.3,62,167.5,71.5,97.6,36.023622,98.5,56.6,38.6,22.4,31.5,27.3,18.6,0,15.186890798,15.248991952,14.964285714,15.181289797,14.883308612
15.5,8.8,55,146.75,68.75,88.5,32.598425,95.5,58.9,37.6,21.6,30.3,27.3,18.3,0,14.772830151,14.93828999,14.708333333,14.871435133,15.002753601
15,8.5,56,160.75,73.75,93.6,32.637795,96.3,52.9,37.5,23.1,29.7,27.3,18.2,0,14.772631891,14.802029451,14.964285714,15.028690252,14.943919083
13.5,13.5,55,125,64,87.7,29.92126,88.6,50.9,35.4,19.1,29.3,25.7,16.9,0,14.394735877,14.147731448,14,13.823773534,14.14339986
15,11.8,61,143,65.75,93.4,32.795276,93,55.5,35.2,20.9,29.4,27,16.8,0,14.544025279,14.736152899,14.964285714,14.917386982,14.991552303
14.5,18.5,61,148.25,67.5,91.6,32.204724,94.8,54.5,37,21.4,29.3,27,18.3,0,14.917711773,14.826469921,14.708333333,14.879087268,14.821184724
15.5,8.8,57,162.5,69.5,91.6,31.023622,94.3,56.7,39.7,24.2,30.2,29.2,18.1,0,15.055015179,15.281566707,14.708333333,15.0504954,15.028157513
15.5,22.2,69,177.75,68.5,102,37.401575,98.3,55,38.3,21.8,30.8,25.7,18.8,0,15.713102915,15.451299349,15.47826087,15.50500208,15.477279058
15.5,21.5,81,161.25,70.25,96.4,37.559055,99.3,53.5,37.5,21.5,31.4,26.8,18.3,0,14.996453788,15.551472424,14.964285714,15.288835649,15.271928456
15,18.8,66,171.25,69.25,102.7,38.818898,100.2,56.5,39.3,22.7,30.3,28.7,19,0,15.482273503,15.504396258,15.4,15.408164418,15.48493866
15.5,31.4,67,163.75,67.75,97.7,37.716535,97.1,54.8,38.2,23.7,29.4,27.2,19,0,15.262240477,15.178220295,14.964285714,15.315705873,15.322049466
15.5,26.8,64,150.25,67.25,97.1,35.03937,96.9,54.8,38,22,29.9,25.2,17.7,0,14.583360373,14.556332828,14.964285714,15.014438039,15.094186425
16,18.4,64,190.25,72.75,103.1,38.503937,99.6,58.9,39,23,34.3,29.6,19,0,15.978174737,16.111981229,16.083333333,15.891520629,15.855999296
15.5,27,70,170.75,70,101.8,37.362205,95,56,36.5,24.1,31.2,27.3,19.2,1,15.496737049,15.542478111,14.964285714,15.470888079,15.520986541
15.5,27,72,168,69.25,101.4,39.291339,96.2,56.3,36.6,22,29.7,26.3,18,2,15.237528377,15.302852151,14.964285714,15.335331562,15.286802868
15,26.6,67,167,67.5,98.9,35.314961,96.2,54.7,37.8,33.7,32.4,27.7,18.2,1,14.123941868,15.70326688,14.964285714,14.838456352,15.004773159
15.5,14.9,72,157.75,67.25,97.5,34.685039,96.9,57.2,37.7,21.8,32.6,28,18.8,2,15.289110679,15.546011006,14.964285714,15.092733808,15.154541248
15,23.1,64,160,65.75,104.3,35.787402,93.8,57.8,39.5,23.3,29.2,28.4,18.1,0,15.228200127,15.218038979,14.964285714,15.360964037,15.220844588
15.5,8.3,46,176.75,72.5,97.3,33.858268,99.3,61,38.4,23.8,30.2,29.3,18.8,0,15.404723826,15.439836378,15.4,15.194612453,15.231905551
15,14.1,48,176,73,96.7,34.055118,98.3,60.4,39.9,24.4,28.8,29.6,18.7,0,15.32215889,15.362474672,15.4,15.194612453,15.158889133
15,20.5,46,177,70,99.7,37.637795,102.2,58.3,38.2,22.5,29.1,27.7,17.7,0,15.160057186,15.0235772,14.964285714,15.091420226,15.200032198
16,18.2,44,179.75,69.5,101.9,36.692913,100.6,58.9,39.7,23.1,31.4,28.4,18.8,0,15.616746753,15.439016418,15.47826087,15.593537167,15.455666016
15.5,8.5,47,165.25,70.5,97.2,32.716535,95.4,56.9,38.3,22.1,30.1,28.2,18.4,1,15.31645728,15.138423261,14.964285714,15.081340959,14.99897152
15.5,24.9,46,192.5,71.75,106.6,38.385827,100.6,58.9,40.5,24.5,33.3,29.6,19.1,0,15.916536361,15.822268874,16.083333333,15.853062881,15.833210181
15,9,47,184.25,74.5,99.6,34.96063,101.4,57.4,39.6,24.6,30.3,27.9,17.8,0,15.032530026,15.057320222,15.47826087,15.204456329,15.099671118
16.5,17.4,53,224.5,77.75,113.2,39.055118,107.5,61.7,42.3,23.2,32.9,30.8,20.4,0,16.94178572,16.907578287,16.25,16.480864616,16.406831066
15.5,9.6,38,188.75,73.25,99.1,36.062992,102.4,60.6,39.4,22.9,31.6,30.1,18.5,0,15.678318466,15.631943325,15.47826087,15.622499668,15.555970177
15.5,11.3,50,162.5,66.5,99.4,34.133858,96.2,62.1,39.3,23.3,30.6,27.8,18.2,1,15.168575013,15.124622524,14.964285714,15.055560476,15.087279344
14.5,17.8,46,156.5,68.25,95.1,34.724409,92.8,54.7,37.3,21.9,31.6,27.5,18.2,0,15.182046265,15.034151354,14.964285714,14.916496994,14.740255534
16,22.2,47,197,72,107.5,37.007874,103.7,62.7,39,22.3,35.3,30.9,18.3,0,15.99571468,16.129670794,16.083333333,16.021055454,16.12616653
16.5,21.2,49,198.5,73.5,106.5,37.401575,101.7,59,39.4,22.3,32.2,31,18.6,1,16.152398015,16.149582206,16.083333333,16.166051915,16.049565056
15,20.4,48,173.75,72,99.1,36.220472,98.3,59.3,38.4,22.4,27.9,26.2,17,2,14.879568707,14.794290377,14.964285714,14.948034614,15.015011582
15,20.1,41,172.75,71.25,96.7,35.11811,98.3,60,38.4,23.2,31,29.2,18.4,1,15.325572956,15.301297448,15.4,15.294590657,15.113191527
16.5,22.3,49,196.75,73.75,103.5,37.598425,101.6,59.1,39.8,25.4,31,30.3,19.7,0,16.020689938,15.96090057,16.25,16.189591811,16.162830362
16,25.4,43,177,69.25,104,38.818898,99.5,59.5,36.1,22,30.1,27.2,17.7,1,15.344822765,15.556065775,14.964285714,15.194010992,15.37185814
12.5,18,43,165.5,68.5,93.1,34.370079,96.6,54.7,39,24.8,31,29.4,18.8,0,15.235462462,15.001622724,14.708333333,14.334660169,14.429231885
15.5,19.3,43,200.25,73.5,105.2,40.472441,103.6,61.2,39.3,23.5,30.5,28.5,18.1,0,15.735930155,15.720097361,16.083333333,15.873009199,15.69130967
17,18.3,52,203.25,74.25,110,40,100.7,55.8,38.7,23.4,35.1,29.6,19.1,0,16.268905607,16.242981658,16.083333333,16.229105205,16.36146542
15.5,17.3,43,194,75.5,110.1,34.92126,102.1,57.5,40,24.8,35.1,30.7,19.2,0,15.774427402,15.715765361,16.25,15.903485961,15.905304622
14,21.4,40,168.5,69.25,97.8,36.338583,100.6,57.5,36.8,22.8,32.1,26,17.3,1,14.762769241,14.78457259,14.964285714,14.921555575,15.090749088
15,19.7,43,170.75,68.5,96.3,35.669291,99.3,61.9,38,22.3,33.3,28.2,18.1,1,15.309997787,15.340835721,14.964285714,15.194128038,15.241982081
15,28,43,183.25,70,108,41.338583,103,63.7,40,23.6,33.5,27.8,17.4,0,15.129345576,15.31340709,15.47826087,15.349649773,15.494243344
16.5,22.1,47,178.25,70,99.7,37.401575,98.6,62.3,38.1,23.9,35.3,31.1,19.8,0,15.951988972,16.203670108,16.25,16.429751677,16.231190623
14.5,21.3,42,163,70.25,93.5,35.275591,99.8,61.5,37.8,21.9,30.7,27.6,17.4,0,14.775441748,14.875861983,14.964285714,14.92227597,14.874422557
15.5,26.7,48,175.25,71.75,100.7,36.377953,97.5,59.3,38.1,21.8,31.8,27.3,17.5,2,15.232510326,15.221772353,14.964285714,15.079211352,15.030666016
15,16.7,40,158,69.25,97,34.094488,92.6,55.9,36.3,22.1,29.8,26.3,17.3,0,14.864699604,14.830750904,14.964285714,14.719992171,14.897972371
15,20.1,48,177.25,72.75,96,35.433071,99.7,58.8,38.4,22.8,29.9,28,18.1,0,15.245116172,15.204970064,14.964285714,15.190771475,15.067449768
16.5,13.9,51,179,72,99.2,35.433071,96.4,56.8,38.8,23.3,33.4,29.8,19.5,0,15.902483607,15.850025458,16.25,16.053099087,15.71272384
15.5,25.8,40,191,74,95.4,36.377953,104.3,64.6,41.1,24.8,33.6,29.5,18.5,2,15.396403144,15.652151346,16.083333333,15.594487885,15.660690109
15.5,18.1,44,187.5,72.25,101.8,34.448819,101,58.5,39.2,24.5,32.1,28.6,18,0,15.359355042,15.240650253,15.47826087,15.399195455,15.349720177
16.5,27.9,52,206.5,74.5,104.3,39.055118,104.1,58.5,39.3,24.6,33.9,31.2,19.5,0,16.26896564,16.283122206,16.25,16.582036958,16.441295498
16,25.3,44,185.25,71.5,99.2,38.622047,101.4,57.1,40.5,23.2,33,29.6,18.4,0,15.604061937,15.470363916,15.47826087,15.713060348,15.701492494
15,14.7,40,160.25,68.75,99.3,32.795276,97.5,60.5,38.7,22.6,34.4,28,17.6,0,14.853992879,14.847624048,14.964285714,14.864215884,15.141403493
15,16,47,151.5,66.75,94,33.897638,95.2,58.1,36.5,22.1,30.6,27.5,17.6,2,14.792888203,14.748880155,14.964285714,14.794552135,14.81432016
15.5,13.8,50,161,66.5,98.9,33.110236,94,58.5,36.6,23.5,34.4,29.2,18,0,15.205921356,15.278306091,15.4,15.290791547,15.369889888
15,17.5,46,167,67,101,35.393701,100,60.7,36,21.9,35.6,30.2,17.6,1,15.225547258,15.450229823,15.4,15.301506096,15.418172557
16,27.2,42,177.5,68.75,98.7,36.259843,98.5,60.7,36.8,22.2,33.8,30.3,17.2,0,15.41483826,15.566775023,15.47826087,15.622121489,15.589749938
15.5,17.4,43,152.25,67.75,95.9,30.708661,93.2,53.5,35.8,20.8,33.9,28.2,17.4,0,14.980182667,14.806545883,14.964285714,15.111022567,15.013087167
16,20.8,40,192.25,73.25,103.9,36.811024,99.5,61.7,39,21.8,33.3,29.6,18.1,0,15.906342861,15.965061531,16.083333333,15.824440865,15.737617547
15.5,14.9,42,165.25,69.75,96.2,34.251969,97.8,57.4,36.9,22.2,31.6,27.8,17.7,1,15.020190566,14.912940943,14.964285714,14.81977715,14.81304465
14.5,18.1,49,171.75,71.5,97.8,35.472441,95.8,57,38.7,23.2,27.5,26.5,17.6,0,15.041039854,14.808383398,14.964285714,14.887386265,14.88818335
15,22.7,40,171.25,70.5,94.6,35.551181,99.1,60.3,38.5,23,31.2,28.4,17.1,0,14.898121528,14.981664866,14.964285714,15.068489815,14.845766095
15.5,23.6,47,197,73.25,103.6,39.291339,103.2,61.2,38.1,22.6,33.5,28.6,17.9,0,15.706900393,15.7553633,16.083333333,15.910182531,15.770688922
15.5,26.1,50,157,66.75,100.4,35.19685,92.3,56.1,35.6,20.5,33.6,29.3,17.3,0,15.278281252,15.341821522,15.4,15.42142568,15.294441527
15,24.4,41,168.25,69.5,98.4,34.330709,98.4,56,36.9,23,34,29.8,18.1,0,15.221669156,15.156195462,15.4,15.182502167,15.174318198
15.5,27.1,44,186,69.75,104.6,39.80315,102.1,58.9,37.9,22.7,30.9,28.8,17.6,0,15.472241245,15.447895843,15.47826087,15.429305168,15.462802017
15,21.8,39,166.75,70.75,92.9,33.897638,95.6,58.8,36.1,22.4,32.7,28.3,17.1,1,14.955526336,14.99922852,14.708333333,14.735968048,14.912586477
15.5,29.4,43,187.75,74,97.8,38.818898,100.6,63.6,39.2,23.8,34.3,28.4,17.7,0,15.288779373,15.498002519,15.47826087,15.52392532,15.516613831
14,22.4,40,168.25,71.25,98.3,34.84252,98.3,58.1,38.4,22.5,31.7,27.4,17.6,0,14.947441157,14.830734422,14.964285714,14.705212499,14.580093969
16.5,20.4,49,212.75,75,104.7,41.968504,107.7,66.5,42.5,24.5,35.5,29.8,18.7,0,16.012836115,16.047117474,16.083333333,16.157701618,16.123062788
15,24.9,40,176.75,71,98.6,36.653543,101.6,59.1,39.6,21.6,30.8,27.9,16.6,1,14.934966101,14.864353342,14.964285714,15.086271355,15.012808874
15,18.3,40,173.25,69.5,99.5,36.614173,99.3,60.4,38.2,22,32,28.5,17.8,0,15.309488159,15.302366074,14.964285714,15.196246609,15.084031401
15.5,23.3,52,167,67.75,102.7,35.826772,98.9,57.1,36.7,22.3,31.6,27.5,17.9,0,15.150789064,15.079121104,14.964285714,15.235437845,15.114686163
14.5,9.4,23,159.75,72.25,92.1,30.354331,93.9,56.1,36.1,22.7,30.5,27.2,18.2,0,14.953977349,15.026474042,14.708333333,14.808683105,14.750086477
15.5,10.3,23,188.15,77.5,96.6,33.582677,102.5,59.1,37.6,23.2,31.8,29.7,18.3,2,15.351821419,15.296399428,15.47826087,15.482949412,15.324762694
14.5,14.2,24,156,70.75,92.7,32.244094,95.3,56.4,36.5,22,33.5,28.3,17.3,0,14.717467167,14.708404183,14.708333333,14.816993175,14.838947021
16,19.2,24,208.5,72.75,102,39.015748,110.1,71.2,43.5,25.2,36.1,30.3,18.7,0,15.81831215,15.83329915,16.083333333,16.095495638,16.081155192
16.5,29.6,25,206.5,69.75,110.9,39.566929,106.2,68.4,40.8,24.6,33.3,29.7,18.4,0,16.016853325,16.196631221,16.083333333,16.284181332,16.129771568
14.5,5.3,25,143.75,72.5,92.3,30.11811,92.1,51.9,35.7,22,25.8,25.2,16.9,0,14.120117372,14.410495641,14,14.237815,14.255239756
16.5,25.2,26,223,70.25,114.1,42.047244,113.9,67.6,42.7,24.7,36,30.4,18.4,0,16.214445096,16.206536052,16.083333333,16.192619633,16.154608586
14.5,9.4,26,152.25,69,92.9,30.551181,93.5,56.9,35.9,20.4,31.6,29,17.8,0,15.102744752,15.182948463,14.708333333,14.811980637,14.613925763
17,19.6,26,241.75,74.5,108.3,40.511811,114.4,72.9,43.5,25.1,38.5,33.8,19.6,0,17.060801718,17.064949854,16.892857143,16.939534632,16.85922619
14,10.1,27,146,72.25,88.5,28.661417,91.1,53.6,36.8,23.8,27.8,26.3,17.4,0,14.243098013,14.162501693,14,14.229004825,14.274164185
15.5,16.5,27,156.75,67.25,94,34.724409,95.2,56.8,37.4,22.8,30.6,28.3,17.9,0,14.985961237,14.978292796,14.964285714,15.154771153,15.124056554
15.5,21,27,200.25,73.5,101.1,39.409449,105,62.1,40,24.9,33.7,29.2,19.4,0,15.915226616,15.922421325,16.25,15.898033226,16.039396405
14.5,17.3,28,171.5,75.25,92.1,32.874016,98.3,57.3,37.8,21.7,32.2,27.7,17.7,1,14.999849515,14.867305603,14.708333333,14.627633664,14.901329282
15.5,31.2,28,205.75,69,105.6,41.338583,106.4,68.6,40,25.2,35.2,30.7,19.1,0,16.194327575,16.418896575,16.083333333,15.855885341,15.884315623
15,10,28,182.5,72.25,98.5,35.748031,102.5,60.8,38.5,25,31.6,28,18.6,0,15.213320181,15.151724936,15.47826087,15.152490346,15.069405551
14.5,12.5,30,136.5,68.75,88.7,30.15748,89.8,50.1,34.8,21.8,27,34.9,16.9,0,14.640728499,14.890855145,14.708333333,14.634428134,14.477114756
15,22.5,31,177.25,71.5,101.1,36.377953,99.3,59.4,39,24.6,30.1,28.2,18.2,1,15.159994732,15.06991716,14.964285714,15.393501639,15.237475279
14.5,9.4,31,151.25,72.25,94,31.968504,91.5,52.5,36.6,21,27,26.3,16.5,2,14.45367791,14.451045332,14.964285714,14.638801939,14.561449172
15.5,14.6,33,196,73,103.8,37.637795,105.1,61.4,40.6,25,31.3,29.2,19.1,2,15.700680294,15.558503181,16.083333333,15.753525162,15.901024806
16.5,13,33,184.25,68.75,98.9,36.259843,103.5,64,37.3,23.5,33.5,30.6,19.7,0,15.98088205,16.090995655,16.892857143,16.253771676,16.124713635
14.5,15.1,34,140,70.5,89.2,32.834646,89.6,52.4,35.6,20.4,28.3,26.2,16.5,0,14.311854391,14.348257503,14,14.413632371,14.235905965
16,27.3,34,218.75,72,111.4,41.732283,108.8,63.8,42,23.4,34,31.2,18.5,0,16.429322503,16.387210662,16.083333333,16.217284151,16.327227633
16.5,19.2,35,217,73.75,107.5,37.440945,104.5,64.8,41.3,25.6,36.4,33.7,19.4,0,16.609805763,16.689369981,16.892857143,16.657175131,16.550174466
15.5,21.8,35,166.25,68,99.1,35.590551,95.6,55.5,34.2,21.9,30.2,28.7,17.7,0,15.306049611,15.360917325,15.4,15.296075861,15.250734044
18,20.3,35,224.75,72.25,108.2,39.527559,106.8,63.3,41.7,24.6,37.2,33.1,19.8,1,17.022231207,17.028972919,16.892857143,16.758226264,16.685442323
16.5,34.3,35,228.25,69.5,114.9,45.629921,111.9,74.4,40.6,24,36.1,31.8,18.8,1,16.763163825,16.937649563,16.083333333,16.621711191,16.438104901
15.5,16.5,35,172.75,69.5,99.1,35.748031,98.1,60.1,39.1,23.4,32.5,29.8,17.4,0,15.14327966,15.119143629,15.4,15.191430941,15.338234044
15,3,35,152.25,67.75,92.2,32.244094,92.8,54.7,36.2,22.1,30.4,27.4,17.7,0,14.900586532,14.783587853,14.708333333,14.688061367,14.795452123
14,0.7,35,125.75,65.5,90.8,29.527559,89.2,50,34.8,22,24.8,25.9,16.9,0,14.015287384,14.172275692,14,14.140366159,14.098161765
15.5,20.5,35,177.25,71,100.5,35.551181,98.7,57.8,37.3,22.4,31,28.7,17.7,0,15.335561588,15.248223573,15.4,15.311209866,15.33475419
15.5,16.9,36,176.25,71.5,98.2,35.551181,99.9,59.2,37.7,21.5,32.4,28.4,17.8,0,15.339220587,15.300060636,14.964285714,15.293233967,15.202526299
17,25.3,36,226.75,71.75,115.3,42.834646,114.4,69.2,42.4,24,35.4,21,20.1,0,16.348003772,17.277847409,16.892857143,16.996555028,16.800297619
14.5,9.9,37,145.25,69.25,96.8,31.259843,89.2,50.3,34.8,22.2,31,26.9,16.9,0,14.505252737,14.497056182,14.964285714,14.708361234,14.607482008
14.5,13.1,37,151,67,92.6,32.755906,96.4,60,38.1,22,31.5,26.6,16.7,0,14.430001942,14.386807792,14.708333333,14.580545208,14.670834776
17,29.9,37,241.25,71.5,119.2,43.425197,113.9,69.8,42.6,24.8,34.4,29.5,18.4,0,16.698848372,16.55894624,16.083333333,16.329938856,16.57717803
15.5,22.5,38,187.25,69.25,102.7,36.496063,101.9,64.7,39.5,24.7,34.8,30.3,18.1,0,15.535802576,15.659176178,15.47826087,15.659500165,15.536703431
17.5,16.9,39,234.75,74.5,109.5,41.141732,109.9,69.5,43.1,25.8,39.1,32.5,19.9,1,16.975974661,16.93362251,16.892857143,16.968885084,16.832142857
16,26.6,39,219.25,74.25,108.5,41.181102,109.8,68.1,42.8,24.1,35.6,29,19,0,16.255767911,16.171741529,16.083333333,16.092749795,16.202957509
14,0,40,118.5,68,79.3,27.322835,85,47.2,33.5,20.2,27.7,24.6,16.5,0,13.873998672,13.804514777,14,13.796955898,13.924214878
14.5,11.5,40,145.75,67.25,95.5,32.913386,91.6,54.1,36.2,21.8,31.4,28.3,17.2,0,14.701166833,14.618179786,14.964285714,14.729972574,14.786258935
14.5,12.1,40,159.25,69.75,92.3,34.173228,96.1,58,39.4,22.7,30,26.4,17.4,0,14.694638338,14.489244003,14.708333333,14.406146197,14.693156205
15.5,17.5,40,170.5,74.25,98.9,35.590551,95.5,55.4,38.9,22.4,30.5,28.9,17.7,2,15.117133185,15.015303449,15.4,15.137560879,15.072672819
16,8.6,40,167.5,71.5,89.5,32.952756,98.1,57.3,39.7,22.6,32.9,29.3,18.2,2,15.166596296,15.111470362,14.708333333,14.925357731,15.015265048
17,23.6,41,232.75,74.25,117.5,43.031496,108.8,67.7,41.3,24.7,37.2,31.8,20,0,17.085941291,17.223313471,16.892857143,17.065322174,16.927678571
15.5,20.4,41,210.5,72,107.4,38.937008,104.1,63.5,39.8,23.5,36.4,30.4,19.1,0,16.485560607,16.537530901,16.083333333,15.980887199,16.038347652
16.5,20.5,41,202.25,72.5,109.2,38.582677,101.8,62.8,41.3,24.8,36.6,32.4,18.8,0,16.164206307,16.304749648,16.083333333,16.251022736,16.335589311
15.5,24.4,41,185,68.25,103.4,39.84252,103.1,61.5,40.4,22.9,33.4,29.2,18.5,2,15.711539262,15.686002372,15.47826087,15.648000102,15.633061371
15,11.4,41,153,69.25,91.4,31.732283,92.3,54.3,36.3,21.8,29.6,27.3,17.9,0,14.962102794,14.789804695,14.708333333,14.804355369,14.870005695
17,38.1,42,244.25,76,115.2,44.76378,112.4,68.5,45,25.5,37.1,31.2,19.9,0,17.077749706,16.901586908,16.892857143,16.985508878,16.883035714
16.5,15.9,42,193.5,70.5,104.9,37.047244,102.7,60.6,38.6,24.7,34,30.1,18.7,1,15.804359324,15.784914448,16.083333333,15.826217685,15.826088582
15.5,24.7,42,224.75,74.75,106.7,41.614173,111.8,65.3,43.3,26,33.7,29.9,18.5,0,16.019330228,15.918556062,16.083333333,15.70475445,15.928101054
14.5,22.8,42,162.75,72.75,92.2,33.700787,96.5,60.2,38.9,22.4,31.7,27.1,17.1,2,14.636379734,14.794653707,14.708333333,14.515416563,14.637288858
15.5,25.5,42,180,68.25,101.6,38.031496,100.6,61.1,38.4,24.1,32.9,29.8,18.8,0,15.639170094,15.669984802,15.47826087,15.612318083,15.535363831
14.5,22,42,156.25,69,97.8,33.858268,96.2,57.7,38.6,24,31.2,27.3,17.4,0,14.52694888,14.456026841,14.964285714,14.724430587,14.612832065
15,17.7,42,168,71.5,92,35.314961,101,62.3,38,22.3,30.8,27.8,16.9,0,14.654869049,15.002016401,14.708333333,14.713040009,14.861497387
15.5,6.6,42,167.25,72.75,94,30.708661,99,57.5,40,22.5,30.6,30,18.5,0,15.189017538,15.085725926,15.4,15.250789241,15.208963017
15,23.6,43,170.75,67.5,103.7,35.314961,94.2,58.5,39,24.1,33.8,28.8,18.8,0,15.606939834,15.518129313,15.4,15.3419735,15.246588635
15.5,12.2,43,178.25,70.25,102.7,35.11811,99.2,60.2,39.2,23.8,31.7,28.4,18.6,2,15.462867051,15.346263465,15.47826087,15.523103069,15.204694666
14.5,22.1,43,150,69.25,91.1,33.740157,96.9,55.5,35.7,22,29.4,26.6,17.4,0,14.466679177,14.366566584,14.708333333,14.480173907,14.623896001
15.5,28.7,43,200.5,71.5,107.2,40.590551,105.5,68.8,38.3,23.7,32.1,28.9,18.7,2,15.91577908,16.193652287,16.083333333,15.918740914,15.803136484
15.5,6,44,184,74,100.8,35.07874,102.6,60.6,39,24,32.9,29.2,18.4,0,15.288775709,15.390491597,15.47826087,15.578252299,15.56430351
16.5,34.8,44,223,69.75,121.6,44.84252,107.1,63.5,40.3,21.8,34.8,30.7,17.4,1,16.592240081,16.683566767,16.083333333,15.941587672,16.150392316
17,16.6,44,208.75,73,105.6,37.913386,102,63.3,39.8,24.1,37.3,23.1,19.4,0,16.145569849,16.564112354,16.892857143,16.451775903,16.608635351
16,32.9,44,166,65.5,100.6,36.968504,100.1,58.9,37.6,21.4,33.1,29.5,17.3,1,15.195433205,15.189368809,15.4,15.228047871,15.370617285
16.5,32.8,47,195,72.5,102.7,39.88189,101.7,60.7,39.4,23.3,36.7,31.6,18.4,0,15.94730776,16.151610209,16.083333333,16.25863042,16.085243366
14.5,9.6,47,160.5,70.25,99.8,33.031496,91.8,53,36.2,22.5,31.4,27.5,17.7,0,15.060195157,14.903694076,14.964285714,14.639684457,14.706419083
14,10.8,47,159.75,70.75,92.9,33.228346,94,56,38.2,22.6,29,26.2,17.6,0,14.814934795,14.582215305,14,14.245554478,14.386132722
14.5,7.1,49,140.5,68,91.2,31.259843,89,51.1,35,21.7,30.9,28.8,17.4,0,14.700700819,14.675545158,14.708333333,14.500199199,14.552920944
16.5,27.2,49,216.25,74.5,115.6,40.944882,109,63.7,40.3,23.2,36.8,31,18.9,1,16.347856142,16.419755312,16.083333333,16.365102359,16.366640899
15.5,19.5,49,168.25,71.75,98.3,35.314961,99.1,56.3,38.8,23,29.5,27.9,18.6,0,15.136119323,14.961325931,14.964285714,15.151935867,15.058308612
16,18.7,50,194.75,70.75,103.7,38.425197,104.2,60,40.9,25.5,32.7,30,19,0,15.758288796,15.738153299,16.083333333,15.912628514,15.997453378
15,19.5,50,172.75,73,98.7,34.488189,96.1,57.1,38.1,21.8,28.6,26.7,18,0,15.265910599,15.081602028,14.964285714,15.052630353,14.997432732
16.5,47.5,51,219,64,119.8,48.070866,112.8,62.5,36.9,23.6,34.7,29.1,18.4,0,16.478016401,16.750849299,16.083333333,16.400569594,16.28627667
14,13.6,51,149.25,69.75,92.8,31.929134,96.3,53.8,36.5,21.5,31.3,26.3,17.8,0,14.597561808,14.446254403,14,14.492319728,14.450214028
15,7.5,51,154.5,70,93.3,32.086614,94.4,54.7,39,22.6,27.5,25.9,18.6,0,14.924084382,14.569285703,14,14.752789547,14.831210561
16,24.5,52,199.25,71.75,106.8,39.370079,105,63.9,39.2,22.9,35.7,30.4,19.2,0,16.183764607,16.3134927,16.892857143,16.348037231,16.178037278
15.5,15,53,154.5,69.25,93.9,34.92126,94.5,53.7,36.2,22,28.5,25.7,17.1,0,14.59334153,14.429811409,14.964285714,15.036429234,15.028702058
15.5,12.4,54,153.25,70.5,99,36.141732,96.2,57.7,38.1,23.9,31.4,29.9,18.9,0,14.911973007,15.15877874,15.4,15.436485618,15.348310574
17,26,54,230,72.25,119.9,43.464567,105.5,64.2,42.7,27,38.4,32,19.6,0,16.879772011,16.836252045,16.892857143,16.997227849,16.83452381
15,11.5,54,161.75,67.5,94.2,34.488189,95.6,59.7,40.2,23.4,27.9,27,17.8,0,14.964495083,14.934141703,14.964285714,14.944759104,15.000281371
14.5,5.2,55,142.25,67.25,92.7,32.598425,91.9,54.4,35.2,22.5,29.4,26.8,17,0,14.369922667,14.456967557,14.708333333,14.559907758,14.68004952
16.5,10.9,55,179.75,68.75,106.9,37.519685,98.2,57.4,37.1,21.8,34.1,31.1,19.2,0,16.139504017,16.25613051,16.25,16.279072015,16.0815095
13.5,12.5,55,126.5,66.75,88.8,30.787402,87.5,50.8,33,19.7,25.3,22,15.8,2,13.818431139,13.789811291,14,14.028783854,14.054114146
15,14.8,55,169.5,68.25,101.7,35.866142,97.1,56.6,38.5,22.6,33.4,29.3,18.8,0,15.591940222,15.527699355,15.4,15.331475334,15.187128601
15.5,25.2,55,198.5,74.25,105.3,38.070866,106.6,64,42.6,23.4,33.2,30,18.4,2,15.677613666,15.976904894,16.083333333,16.083648983,16.17574136
15.5,14.9,56,174.5,69.5,104,35.19685,98.4,58.4,37.4,22.5,34.6,30.1,18.8,0,15.689359517,15.797026812,15.4,15.504193863,15.518910064
15,17,56,167.75,68.5,98.6,36.614173,97,55.4,38.8,23.2,32.4,29.7,19,0,15.536605536,15.472557765,15.4,15.295461219,15.283195778
14.5,10.6,57,147.75,65.75,99.6,34.015748,90.1,53,35,21.3,31.7,27.3,16.9,0,14.825374575,14.744388786,14.964285714,14.765597328,14.824573845
16,16.1,57,182.25,71.75,103.4,38.070866,100.7,59.3,38.6,22.8,31.8,29.1,19,0,15.712524486,15.773416811,15.47826087,15.685652832,15.665544364
15.5,15.4,58,175.5,71.5,100.2,34.685039,97.8,57.1,38.9,23.6,30.9,29.6,18,0,15.289887668,15.48898482,15.4,15.26875222,15.354007853
14.5,26.7,58,161.75,67.25,94.9,37.362205,100.2,56.8,35.9,21,27.8,26.1,17.6,0,14.937536453,14.866407523,14.964285714,15.090331494,15.056579817
16.5,25.8,60,157.75,67.5,97.2,36.732283,94,54.3,35.7,21,31.3,28.7,18.3,0,15.387849272,15.389367477,15.4,15.527077314,15.327477241
15.5,18.6,62,168.75,67.5,104.7,37.637795,93.7,54.4,37.1,22.7,30.3,26.3,18.3,0,15.459364633,15.322708815,14.964285714,15.376541177,15.350705929
16.5,24.8,62,191.5,72.25,104,38.661417,101.1,59.3,40.3,23,32.6,28.5,19,0,15.923270887,15.901271038,16.083333333,15.927202648,15.970880249
16.5,27.3,63,219.15,69.5,117.6,44.80315,111.8,63.4,41.1,22.3,35.1,29.6,18.5,0,16.469012733,16.156282799,16.083333333,16.374095665,16.308300479
15.5,12.4,64,155.25,69.5,95.8,32.598425,94.5,61.2,39.1,22.3,29.8,28.9,18.3,0,15.059344264,15.505682598,15.4,15.218688255,15.242593969
16.5,29.9,65,189.75,65.75,106.4,39.566929,100.5,59.2,38.1,24,35.9,30.5,19.1,0,16.204118665,16.24290584,16.083333333,15.944841531,16.097177017
14,17,65,127.5,65.75,93,31.377953,87.6,50.7,33.4,20.1,28.5,24.8,16.5,0,14.176497256,14.117811979,14,13.972165511,14.135661765
16,35,65,224.5,68.25,119.6,46.456693,114.3,61.3,42.1,23.4,34.9,30.1,19.4,0,16.743807858,16.344759171,16.25,16.342500162,16.352040816
17,30.4,66,234.25,72,119.7,42.913386,109.1,63.7,42.4,24.6,35.6,30.7,19.5,1,17.044455706,16.757617061,16.892857143,16.779953514,16.646031746
17,32.6,67,227.75,72.75,115.8,44.645669,109.8,65.6,46,25.4,35.3,29.8,19.5,2,16.636423109,16.316191644,16.892857143,16.466862344,16.568055556
16.5,29,67,199.5,68.5,118.3,41.771654,101.6,58.2,38.8,24.1,32.1,29.3,18.5,0,16.112645919,16.087600825,16.083333333,16.163718469,16.158746908
15,15.2,68,155.5,69.25,97.4,33.188976,94.4,54.3,37.5,22.6,29.2,27.3,18.5,0,15.029941855,15.067263225,14.964285714,15.081465821,14.945187507
16.5,30.2,69,215.5,70.5,113.7,42.362205,110,63.3,44,22.6,37.5,32.6,18.8,2,16.576834498,16.488589064,16.083333333,16.250416932,16.36819277
14,11,70,134.25,67,89.2,32.913386,88.8,49.6,34.8,21.5,25.6,25.7,18.5,0,14.731692134,14.539228109,14,14.343019142,14.357868724
16.5,33.6,72,201,69.75,108.5,41.338583,104.5,59.6,40.8,23.2,35.2,28.6,20.1,0,16.486355035,16.301009458,16.25,16.426489726,16.343707483
16,29.3,72,186.75,66,111.1,43.897638,101.7,60.3,37.3,21.5,31.3,27.2,18,0,15.853108308,15.879749921,15.47826087,15.727373712,15.749350649
16,26,72,190.75,70.5,108.3,39.88189,97.8,56,41.6,22.7,30.5,29.4,19.8,0,16.423045046,16.265821923,16.25,16.146755613,16.122066327
16.5,31.9,74,207.5,70,112.4,42.716535,107.1,59.3,42.2,24.6,33.7,30,20.9,2,16.707571167,16.538572814,16.25,16.393960053,16.399277211
